{
	"credit": "Made with Blockbench",
	"texture_size": [64, 64],
	"textures": {
		"0": "item/pokal"
	},
	"elements": [
		{
			"from": [3, 0, 3],
			"to": [13, 1, 13],
			"rotation": {"angle": 0, "axis": "y", "origin": [8, 8.45455, 8]},
			"faces": {
				"north": {"uv": [2.5, 10.5, 5, 10.75], "texture": "#0"},
				"east": {"uv": [0, 10.5, 2.5, 10.75], "texture": "#0"},
				"south": {"uv": [7.5, 10.5, 10, 10.75], "texture": "#0"},
				"west": {"uv": [5, 10.5, 7.5, 10.75], "texture": "#0"},
				"up": {"uv": [5, 10.5, 2.5, 8], "texture": "#0"},
				"down": {"uv": [7.5, 8, 5, 10.5], "texture": "#0"}
			}
		},
		{
			"from": [6, 1, 6],
			"to": [10, 3, 10],
			"rotation": {"angle": 0, "axis": "y", "origin": [8, 8.45455, 8]},
			"faces": {
				"north": {"uv": [1, 3, 2, 3.5], "texture": "#0"},
				"east": {"uv": [0, 3, 1, 3.5], "texture": "#0"},
				"south": {"uv": [3, 3, 4, 3.5], "texture": "#0"},
				"west": {"uv": [2, 3, 3, 3.5], "texture": "#0"},
				"up": {"uv": [2, 3, 1, 2], "texture": "#0"},
				"down": {"uv": [3, 2, 2, 3], "texture": "#0"}
			}
		},
		{
			"from": [7, 3, 7],
			"to": [9, 5, 9],
			"rotation": {"angle": 0, "axis": "y", "origin": [8, 8.45455, 8]},
			"faces": {
				"north": {"uv": [6.25, 2, 6.75, 2.5], "texture": "#0"},
				"east": {"uv": [5.75, 2, 6.25, 2.5], "texture": "#0"},
				"south": {"uv": [7.25, 2, 7.75, 2.5], "texture": "#0"},
				"west": {"uv": [6.75, 2, 7.25, 2.5], "texture": "#0"},
				"up": {"uv": [6.75, 2, 6.25, 1.5], "texture": "#0"},
				"down": {"uv": [7.25, 1.5, 6.75, 2], "texture": "#0"}
			}
		},
		{
			"from": [5, 5, 5],
			"to": [11, 7, 11],
			"rotation": {"angle": 0, "axis": "y", "origin": [8, 8.45455, 8]},
			"faces": {
				"north": {"uv": [1.5, 1.5, 3, 2], "texture": "#0"},
				"east": {"uv": [0, 1.5, 1.5, 2], "texture": "#0"},
				"south": {"uv": [4.5, 1.5, 6, 2], "texture": "#0"},
				"west": {"uv": [3, 1.5, 4.5, 2], "texture": "#0"},
				"up": {"uv": [3, 1.5, 1.5, 0], "texture": "#0"},
				"down": {"uv": [4.5, 0, 3, 1.5], "texture": "#0"}
			}
		},
		{
			"from": [4, 7, 4],
			"to": [12, 16, 12],
			"rotation": {"angle": 0, "axis": "y", "origin": [8, 8.45455, 8]},
			"faces": {
				"north": {"uv": [2, 5.75, 4, 8], "texture": "#0"},
				"east": {"uv": [0, 5.75, 2, 8], "texture": "#0"},
				"south": {"uv": [6, 5.75, 8, 8], "texture": "#0"},
				"west": {"uv": [4, 5.75, 6, 8], "texture": "#0"},
				"up": {"uv": [4, 5.75, 2, 3.75], "texture": "#0"},
				"down": {"uv": [6, 3.75, 4, 5.75], "texture": "#0"}
			}
		},
		{
			"from": [7, 13, 1],
			"to": [9, 15, 4],
			"rotation": {"angle": 0, "axis": "y", "origin": [8, 8.45455, 8]},
			"faces": {
				"north": {"uv": [9.5, 3.25, 10, 3.75], "texture": "#0"},
				"east": {"uv": [8.75, 3.25, 9.5, 3.75], "texture": "#0"},
				"south": {"uv": [10.75, 3.25, 11.25, 3.75], "texture": "#0"},
				"west": {"uv": [10, 3.25, 10.75, 3.75], "texture": "#0"},
				"up": {"uv": [10, 3.25, 9.5, 2.5], "texture": "#0"},
				"down": {"uv": [10.5, 2.5, 10, 3.25], "texture": "#0"}
			}
		},
		{
			"from": [7, 8, 1],
			"to": [9, 10, 4],
			"rotation": {"angle": 0, "axis": "y", "origin": [8, 8.45455, 8]},
			"faces": {
				"north": {"uv": [12.75, 4.75, 13.25, 5.25], "texture": "#0"},
				"east": {"uv": [12, 4.75, 12.75, 5.25], "texture": "#0"},
				"south": {"uv": [14, 4.75, 14.5, 5.25], "texture": "#0"},
				"west": {"uv": [13.25, 4.75, 14, 5.25], "texture": "#0"},
				"up": {"uv": [13.25, 4.75, 12.75, 4], "texture": "#0"},
				"down": {"uv": [13.75, 4, 13.25, 4.75], "texture": "#0"}
			}
		},
		{
			"from": [7, 10, 1],
			"to": [9, 13, 2],
			"rotation": {"angle": 0, "axis": "y", "origin": [8, 8.45455, 8]},
			"faces": {
				"north": {"uv": [5.75, 0.5, 6.25, 1.25], "texture": "#0"},
				"east": {"uv": [5.5, 0.5, 5.75, 1.25], "texture": "#0"},
				"south": {"uv": [6.5, 0.5, 7, 1.25], "texture": "#0"},
				"west": {"uv": [6.25, 0.5, 6.5, 1.25], "texture": "#0"},
				"up": {"uv": [6.25, 0.5, 5.75, 0.25], "texture": "#0"},
				"down": {"uv": [6.75, 0.25, 6.25, 0.5], "texture": "#0"}
			}
		},
		{
			"from": [7, 10, 14],
			"to": [9, 13, 15],
			"rotation": {"angle": 0, "axis": "y", "origin": [8, 8.45455, 8]},
			"faces": {
				"north": {"uv": [8, 0.5, 8.5, 1.25], "texture": "#0"},
				"east": {"uv": [7.75, 0.5, 8, 1.25], "texture": "#0"},
				"south": {"uv": [8.75, 0.5, 9.25, 1.25], "texture": "#0"},
				"west": {"uv": [8.5, 0.5, 8.75, 1.25], "texture": "#0"},
				"up": {"uv": [8.5, 0.5, 8, 0.25], "texture": "#0"},
				"down": {"uv": [9, 0.25, 8.5, 0.5], "texture": "#0"}
			}
		},
		{
			"from": [7, 13, 12],
			"to": [9, 15, 15],
			"rotation": {"angle": 0, "axis": "y", "origin": [8, 8.45455, 8]},
			"faces": {
				"north": {"uv": [12.75, 3.25, 13.25, 3.75], "texture": "#0"},
				"east": {"uv": [12, 3.25, 12.75, 3.75], "texture": "#0"},
				"south": {"uv": [14, 3.25, 14.5, 3.75], "texture": "#0"},
				"west": {"uv": [13.25, 3.25, 14, 3.75], "texture": "#0"},
				"up": {"uv": [13.25, 3.25, 12.75, 2.5], "texture": "#0"},
				"down": {"uv": [13.75, 2.5, 13.25, 3.25], "texture": "#0"}
			}
		},
		{
			"from": [7, 8, 12],
			"to": [9, 10, 15],
			"rotation": {"angle": 0, "axis": "y", "origin": [8, 8.45455, 8]},
			"faces": {
				"north": {"uv": [9.5, 4.75, 10, 5.25], "texture": "#0"},
				"east": {"uv": [8.75, 4.75, 9.5, 5.25], "texture": "#0"},
				"south": {"uv": [10.75, 4.75, 11.25, 5.25], "texture": "#0"},
				"west": {"uv": [10, 4.75, 10.75, 5.25], "texture": "#0"},
				"up": {"uv": [10, 4.75, 9.5, 4], "texture": "#0"},
				"down": {"uv": [10.5, 4, 10, 4.75], "texture": "#0"}
			}
		}
	],
	"gui_light": "front",
	"display": {
		"thirdperson_righthand": {
			"rotation": [-4, 10, 0],
			"translation": [0, 0, 0.25],
			"scale": [0.55, 0.55, 0.55]
		},
		"thirdperson_lefthand": {
			"rotation": [-4, -170, 0],
			"scale": [0.55, 0.55, 0.55]
		},
		"firstperson_righthand": {
			"rotation": [0, 24, 0],
			"translation": [1.75, 0.75, 0],
			"scale": [0.7, 0.7, 0.7]
		},
		"firstperson_lefthand": {
			"rotation": [0, -156, 0],
			"translation": [2.5, 0.75, 0],
			"scale": [0.7, 0.7, 0.7]
		},
		"ground": {
			"translation": [0, 2, 0],
			"scale": [0.5, 0.5, 0.5]
		},
		"gui": {
			"rotation": [30, 45, 0],
			"scale": [0.7, 0.7, 0.7]
		},
		"head": {
			"rotation": [0, -90, 0],
			"translation": [0, 14.25, 0]
		},
		"fixed": {
			"rotation": [-90, 0, 0],
			"translation": [0, 0, -16],
			"scale": [2, 2, 2]
		}
	},
	"groups": [0, 1, 2, 3, 4, 5, 6, 7, 8, 9, 10,
		{
			"name": "bell",
			"origin": [8, 8, 8],
			"color": 0,
			"children": []
		}
	]
}